v012,bord_c,v190,v106,v025,v024,b4,v151,v467d,anc_cat,place,missed,w
35,5,1,0,2,2,1,2,1.0,unknown,home,1,1.057703
17,1,2,1,2,2,1,2,1.0,unknown,public_facility,0,1.057703
36,3,3,0,2,2,1,2,1.0,4+,home,0,1.057703
37,5,2,0,2,2,2,1,1.0,unknown,public_facility,0,1.057703
19,2,1,1,2,4,1,2,0.0,4+,public_facility,0,0.909465
25,3,1,0,2,4,2,1,0.0,unknown,public_facility,1,0.909465
17,1,2,2,2,4,2,1,2.0,4+,public_facility,0,0.909465
34,4,4,0,2,4,2,1,2.0,4+,public_facility,0,0.909465
30,3,1,0,2,1,2,1,0.0,0,home,0,0.258749
35,5,1,0,2,1,1,1,0.0,unknown,public_facility,0,0.258749
20,2,1,0,2,1,2,1,0.0,4+,public_facility,0,0.258749
43,5,3,0,2,1,1,1,0.0,4+,public_facility,0,0.258749
27,3,4,0,2,1,2,2,0.0,4+,public_facility,1,0.258749
20,1,2,0,2,1,2,1,0.0,4+,public_facility,0,0.258749
33,3,1,0,2,1,1,1,0.0,4+,public_facility,0,0.258749
35,5,2,0,2,1,1,1,0.0,4+,public_facility,0,0.258749
22,2,3,0,2,1,1,1,0.0,4+,public_facility,0,0.258749
20,2,4,2,2,1,2,1,1.0,4+,public_facility,0,0.258749
23,1,2,2,2,1,2,2,0.0,4+,public_facility,0,0.258749
33,5,1,0,2,4,2,1,1.0,1-3,home,0,0.289182
37,5,1,0,2,2,1,1,2.0,4+,home,0,0.556114
30,2,2,1,2,2,1,2,2.0,4+,home,0,0.556114
29,3,1,0,2,2,1,1,2.0,4+,home,0,0.556114
18,1,1,0,2,2,1,2,1.0,4+,home,0,0.556114
26,5,1,0,2,2,2,1,1.0,4+,home,0,0.556114
20,1,1,0,2,2,1,1,1.0,4+,home,1,0.556114
36,5,3,0,2,1,2,1,2.0,4+,home,0,1.802902
20,1,3,2,2,1,2,1,1.0,4+,public_facility,1,1.802902
25,2,1,1,2,1,1,1,1.0,4+,public_facility,1,1.802902
34,5,3,1,2,1,2,1,1.0,unknown,home,1,1.802902
28,2,3,0,2,1,2,1,1.0,4+,home,0,1.802902
21,1,3,2,2,1,2,2,1.0,4+,public_facility,1,1.802902
22,1,3,2,2,3,2,1,0.0,4+,home,1,0.461394
25,2,4,0,2,3,1,1,2.0,4+,public_facility,0,0.461394
25,1,4,0,2,3,2,1,2.0,unknown,public_facility,0,0.461394
18,2,2,1,2,3,2,1,0.0,1-3,home,1,0.461394
32,5,3,0,2,3,1,1,1.0,unknown,home,1,0.461394
37,5,4,2,2,3,1,2,1.0,1-3,public_facility,1,0.805813
23,2,3,2,2,3,2,2,2.0,4+,public_facility,1,0.805813
31,5,4,1,2,3,1,2,0.0,4+,home,0,0.805813
21,2,2,0,2,3,2,1,1.0,1-3,home,0,0.805813
22,2,2,2,2,3,1,2,2.0,4+,home,1,0.805813
25,4,5,0,2,4,1,2,0.0,4+,public_facility,1,1.819959
30,3,4,0,2,4,1,1,0.0,4+,public_facility,0,1.819959
31,4,4,1,2,4,1,1,1.0,4+,public_facility,0,1.819959
26,2,4,1,2,4,2,1,2.0,4+,public_facility,1,1.819959
26,3,4,0,2,4,1,2,1.0,unknown,public_facility,1,1.819959
30,5,1,0,1,2,2,1,0.0,4+,public_facility,1,0.67614
20,1,2,1,1,2,1,1,0.0,4+,public_facility,1,0.67614
20,1,2,0,2,2,2,2,1.0,4+,public_facility,0,0.763517
30,5,1,0,2,2,1,2,1.0,4+,home,0,0.763517
30,5,1,0,2,2,1,2,1.0,1-3,home,0,0.763517
30,5,1,0,2,2,1,1,1.0,4+,public_facility,0,0.763517
20,1,1,0,2,2,2,2,1.0,4+,public_facility,0,0.763517
38,2,5,0,1,3,1,1,2.0,unknown,public_facility,0,3.284322
35,3,5,0,1,3,1,1,0.0,4+,public_facility,1,3.284322
24,2,5,2,1,3,2,1,1.0,4+,home,1,3.284322
22,2,4,0,1,3,2,1,0.0,4+,home,1,3.284322
19,1,3,1,1,3,1,2,0.0,4+,public_facility,1,3.284322
33,5,5,0,1,3,2,1,2.0,4+,home,1,3.284322
30,5,4,0,1,3,1,2,2.0,4+,home,0,3.284322
20,3,3,1,1,3,2,1,0.0,4+,home,0,3.284322
24,1,2,0,2,1,1,1,1.0,4+,home,1,0.281839
29,3,3,0,2,1,2,1,1.0,1-3,home,0,0.281839
45,5,2,0,2,1,1,1,1.0,4+,home,1,0.281839
30,4,2,0,2,1,2,1,1.0,4+,home,0,0.281839
28,5,1,0,2,1,2,1,1.0,0,home,1,0.281839
17,1,2,0,2,1,2,1,1.0,unknown,home,1,0.281839
24,2,2,0,2,1,1,1,1.0,4+,home,0,0.281839
17,1,1,2,2,1,1,1,1.0,4+,home,1,0.281839
25,5,1,0,1,4,2,1,0.0,unknown,public_facility,1,1.2361
25,4,2,1,1,4,1,2,1.0,4+,public_facility,1,1.2361
45,5,2,0,1,4,1,1,2.0,unknown,home,0,1.2361
30,2,2,0,1,4,1,1,2.0,unknown,home,0,1.2361
35,5,2,0,1,4,1,1,0.0,4+,public_facility,0,1.2361
25,5,2,0,1,4,2,1,0.0,unknown,home,0,1.2361
23,4,1,0,1,4,1,1,1.0,unknown,home,1,1.2361
40,5,2,0,1,4,1,1,0.0,unknown,home,0,1.2361
23,1,2,0,1,4,2,1,2.0,unknown,public_facility,0,1.2361
27,1,5,2,1,3,2,1,0.0,4+,public_facility,0,2.259649
28,3,2,0,2,1,1,1,1.0,1-3,home,1,0.887029
35,2,4,0,2,1,1,1,1.0,unknown,home,1,0.887029
26,1,4,0,2,1,1,1,1.0,4+,public_facility,0,0.887029
26,2,2,0,2,1,2,1,1.0,1-3,public_facility,1,0.887029
45,5,2,0,2,1,1,2,1.0,0,home,1,0.887029
23,1,3,0,2,1,1,1,0.0,0,home,0,0.887029
39,5,2,0,2,1,2,2,1.0,1-3,home,1,0.887029
36,5,2,0,2,1,2,1,1.0,1-3,home,1,0.887029
32,2,1,0,2,1,1,1,1.0,0,home,1,0.887029
32,4,3,0,2,1,1,1,0.0,0,home,1,0.887029
38,4,3,0,2,1,2,1,0.0,1-3,public_facility,0,0.887029
30,4,2,0,2,1,1,2,1.0,4+,public_facility,1,0.430909
29,5,2,0,2,1,1,2,1.0,4+,home,0,0.430909
30,4,1,0,2,1,1,1,1.0,4+,home,0,0.430909
32,1,1,0,2,1,2,2,1.0,4+,public_facility,1,0.430909
30,4,1,0,2,1,2,2,1.0,4+,home,1,0.430909
19,2,4,1,1,3,1,1,0.0,4+,home,1,2.158941
23,2,5,2,1,3,1,1,0.0,unknown,public_facility,0,2.158941
48,5,4,0,1,3,1,2,0.0,unknown,public_facility,0,2.158941
21,2,4,2,1,3,2,2,0.0,4+,public_facility,0,2.158941
25,4,4,0,1,3,1,1,0.0,4+,public_facility,1,2.158941
23,2,5,1,1,3,2,1,0.0,0,home,1,2.158941
38,5,1,0,2,1,2,1,1.0,unknown,home,0,0.6982
33,5,1,0,2,1,1,1,1.0,4+,home,0,0.6982
20,2,1,2,2,1,2,1,1.0,1-3,public_facility,0,0.6982
30,5,1,0,2,1,1,1,1.0,1-3,home,0,0.6982
20,2,1,0,2,1,2,1,1.0,4+,home,0,0.6982
20,1,1,0,2,1,1,1,1.0,unknown,home,0,0.6982
27,5,1,1,2,1,1,1,1.0,4+,public_facility,0,0.6982
26,3,4,0,1,3,2,2,1.0,4+,public_facility,0,0.424273
25,1,2,0,2,1,1,1,2.0,4+,public_facility,0,1.729982
38,5,2,0,2,1,1,1,2.0,4+,home,0,1.729982
28,4,3,0,2,1,2,1,1.0,4+,public_facility,0,1.729982
26,3,3,1,2,1,1,1,0.0,unknown,public_facility,0,1.729982
31,5,1,0,2,1,2,1,0.0,unknown,public_facility,0,1.729982
20,2,3,2,2,1,1,2,0.0,4+,public_facility,0,1.729982
35,3,2,0,2,1,1,1,1.0,unknown,public_facility,1,1.729982
25,1,2,2,2,1,1,2,2.0,0,public_facility,1,1.729982
22,2,2,2,2,1,2,1,1.0,4+,public_facility,1,1.729982
33,5,1,0,2,2,2,1,1.0,4+,home,0,0.512832
22,2,5,0,1,3,2,2,0.0,4+,public_facility,1,0.221521
22,1,4,2,1,3,1,1,0.0,4+,public_facility,0,0.221521
27,2,5,0,1,3,2,2,0.0,4+,public_facility,0,0.221521
28,2,5,2,1,3,2,2,0.0,4+,public_facility,0,0.221521
18,1,4,2,1,3,2,1,0.0,4+,public_facility,1,0.221521
43,4,5,2,1,3,1,2,0.0,4+,public_facility,0,0.221521
30,3,4,2,1,4,2,1,0.0,4+,public_facility,1,0.882175
20,2,2,0,2,2,1,1,2.0,4+,public_facility,0,0.891211
27,2,1,1,2,2,2,1,2.0,unknown,public_facility,0,0.891211
34,5,1,0,2,4,2,1,1.0,4+,public_facility,0,1.491767
25,3,2,1,2,4,2,1,1.0,4+,public_facility,0,1.491767
20,1,1,1,2,4,1,1,1.0,4+,home,0,1.491767
30,4,1,0,2,4,1,1,1.0,4+,home,0,1.491767
25,3,1,0,2,4,2,2,1.0,4+,public_facility,0,1.491767
18,1,1,2,2,4,1,1,1.0,4+,public_facility,1,1.491767
15,1,1,1,2,1,2,2,1.0,1-3,public_facility,0,1.730958
28,3,2,0,2,1,2,1,1.0,4+,public_facility,0,1.730958
33,5,2,0,2,1,2,1,1.0,4+,home,0,1.730958
22,1,3,0,2,1,2,1,1.0,4+,home,1,1.497416
28,5,4,0,2,1,1,1,0.0,4+,public_facility,0,1.497416
15,1,1,0,2,1,2,2,1.0,1-3,home,1,1.497416
28,4,2,0,2,1,2,2,2.0,4+,home,1,1.497416
20,2,1,1,2,4,1,1,0.0,4+,home,1,0.554468
19,1,2,0,2,4,1,1,1.0,unknown,public_facility,0,0.554468
38,5,1,0,2,4,2,1,0.0,4+,home,0,0.554468
25,3,4,0,2,1,2,1,1.0,1-3,home,1,0.515225
25,1,3,0,2,1,2,1,0.0,unknown,home,1,0.515225
30,5,2,0,2,1,2,1,0.0,4+,home,1,0.515225
25,2,2,0,2,1,2,1,1.0,4+,home,0,0.515225
21,1,3,1,2,1,1,1,1.0,1-3,home,0,0.515225
30,4,2,0,2,1,1,1,0.0,unknown,public_facility,0,0.515225
25,3,5,2,1,4,2,1,1.0,4+,public_facility,0,1.853318
46,4,5,0,1,4,1,1,1.0,4+,public_facility,0,1.853318
17,1,4,2,1,4,2,1,0.0,1-3,public_facility,1,1.853318
24,4,4,0,1,4,2,1,0.0,4+,private_facility,1,1.853318
36,4,5,2,1,3,1,2,0.0,4+,public_facility,0,1.827615
23,3,5,2,1,3,2,1,0.0,4+,home,1,1.827615
38,5,3,0,1,3,1,2,1.0,1-3,public_facility,1,0.35458
19,1,4,2,1,3,1,2,2.0,4+,public_facility,0,0.35458
35,5,4,0,1,3,1,1,0.0,4+,public_facility,0,0.35458
16,1,4,0,1,3,2,2,2.0,4+,public_facility,1,0.35458
36,5,5,2,1,2,2,1,2.0,4+,public_facility,0,0.730063
28,3,5,0,1,2,2,1,0.0,4+,private_facility,0,0.730063
30,5,4,0,1,2,1,2,2.0,4+,public_facility,1,0.730063
31,5,5,2,1,2,2,1,0.0,4+,public_facility,0,0.730063
44,5,3,0,1,2,1,1,2.0,4+,public_facility,0,0.730063
33,5,2,0,2,4,2,1,1.0,4+,home,0,1.217774
38,5,1,0,2,4,1,1,1.0,unknown,home,1,1.217774
25,3,1,0,2,4,2,2,1.0,4+,home,0,1.217774
30,5,4,0,2,1,2,1,1.0,1-3,home,1,0.743239
39,5,3,0,2,1,1,1,1.0,1-3,public_facility,1,0.743239
30,4,3,0,2,1,2,1,1.0,4+,public_facility,0,0.743239
27,2,4,0,2,1,2,2,1.0,4+,home,0,0.743239
32,5,2,0,2,1,2,1,1.0,4+,public_facility,0,0.743239
31,3,1,0,2,1,1,1,1.0,1-3,home,0,0.743239
40,5,3,0,1,1,2,2,0.0,4+,public_facility,1,0.410787
23,1,3,0,1,1,2,1,2.0,4+,public_facility,0,0.410787
35,5,2,0,2,1,1,2,1.0,unknown,home,0,0.985314
48,5,2,0,2,1,1,1,2.0,4+,home,1,0.985314
37,5,2,0,2,1,1,2,2.0,4+,home,1,0.985314
30,5,1,0,2,1,2,1,2.0,4+,home,0,0.985314
36,5,2,0,2,1,2,1,2.0,4+,home,0,0.985314
38,5,2,0,2,1,2,1,2.0,4+,home,1,0.985314
30,4,1,0,2,1,1,2,2.0,4+,home,0,0.985314
24,3,1,0,2,2,2,2,2.0,4+,public_facility,0,0.771196
35,5,1,1,2,2,2,1,2.0,4+,home,0,0.771196
23,3,1,0,2,2,1,2,2.0,4+,public_facility,0,0.771196
18,1,1,1,2,2,1,1,2.0,4+,home,0,0.771196
35,2,3,0,2,1,1,1,0.0,4+,home,1,1.514847
27,4,2,0,2,1,2,1,0.0,4+,home,0,1.514847
32,4,3,0,2,1,1,1,0.0,4+,home,1,1.514847
24,3,3,0,2,1,1,1,1.0,0,home,1,1.514847
27,5,3,0,2,1,2,1,0.0,4+,public_facility,0,1.514847
25,1,4,2,1,3,1,1,0.0,1-3,public_facility,1,0.410228
33,5,5,2,1,3,1,2,0.0,4+,public_facility,1,0.410228
36,5,4,0,1,3,1,2,2.0,4+,home,0,0.410228
17,1,4,1,1,3,2,1,0.0,4+,home,0,0.410228
30,5,1,1,2,4,1,1,1.0,4+,public_facility,1,0.611719
27,3,3,0,2,4,2,1,1.0,4+,public_facility,0,0.611719
33,5,2,0,2,4,2,1,1.0,4+,public_facility,0,0.611719
48,5,3,2,2,4,1,1,1.0,4+,public_facility,0,0.611719
25,4,1,0,2,4,1,1,1.0,4+,public_facility,0,0.611719
25,3,1,0,2,4,1,1,1.0,unknown,public_facility,0,0.611719
28,3,3,0,2,4,2,2,1.0,4+,public_facility,0,0.611719
26,5,2,0,2,4,2,1,1.0,4+,public_facility,0,0.611719
27,3,1,0,2,4,2,1,1.0,4+,public_facility,0,0.611719
32,4,1,0,2,4,1,2,1.0,4+,public_facility,0,0.611719
25,3,2,2,2,2,2,2,2.0,unknown,public_facility,1,0.452
32,5,4,0,2,2,1,2,1.0,4+,public_facility,0,0.452
22,1,3,2,2,2,2,1,2.0,unknown,public_facility,1,0.452
19,2,1,2,2,2,2,1,2.0,4+,public_facility,0,0.452
23,1,4,0,2,2,1,1,1.0,4+,public_facility,0,0.452
33,2,4,1,1,3,1,2,0.0,unknown,public_facility,1,2.10511
20,1,4,0,1,3,2,1,0.0,unknown,private_facility,1,2.10511
23,2,4,2,1,3,2,2,2.0,4+,public_facility,1,2.10511
23,1,4,3,1,3,1,2,0.0,4+,public_facility,1,2.10511
21,1,5,2,1,3,2,1,0.0,4+,public_facility,0,1.920461
39,5,5,0,1,3,1,1,0.0,4+,public_facility,0,1.920461
48,5,4,0,2,1,1,2,1.0,1-3,home,1,1.803623
21,2,4,1,2,1,2,1,0.0,1-3,home,0,1.803623
28,3,4,0,2,1,1,1,2.0,4+,home,0,1.803623
40,5,3,0,2,1,2,2,0.0,4+,home,0,1.803623
23,2,2,2,2,1,2,1,1.0,0,home,1,1.803623
30,5,4,0,2,1,1,2,2.0,4+,home,0,1.803623
30,3,5,0,2,1,1,2,1.0,0,other_unknown,1,1.803623
22,2,2,0,2,1,1,1,1.0,4+,public_facility,0,1.803623
35,5,4,0,2,1,2,1,1.0,4+,public_facility,1,1.803623
36,1,5,3,1,3,2,1,1.0,4+,public_facility,0,0.565675
22,1,5,2,1,3,1,1,1.0,4+,private_facility,1,0.565675
25,3,4,0,1,3,1,1,1.0,4+,public_facility,1,0.565675
20,1,3,2,1,3,1,1,0.0,4+,public_facility,0,0.565675
25,1,5,2,1,2,2,1,0.0,unknown,public_facility,0,0.365717
21,1,4,2,1,2,1,2,0.0,4+,public_facility,0,0.365717
29,3,4,0,1,2,1,1,0.0,4+,public_facility,0,0.365717
18,1,5,2,1,2,2,1,0.0,unknown,public_facility,0,0.365717
26,2,3,0,2,4,2,1,1.0,4+,public_facility,0,0.925939
35,5,2,0,2,4,1,1,1.0,4+,public_facility,0,0.925939
30,4,2,0,2,4,2,1,1.0,unknown,public_facility,0,0.925939
17,1,1,0,2,4,2,1,1.0,4+,public_facility,0,0.925939
35,4,4,0,1,4,1,1,0.0,unknown,public_facility,0,0.633487
26,4,4,0,1,4,1,2,0.0,unknown,public_facility,0,0.633487
18,1,5,2,1,4,2,2,0.0,4+,public_facility,0,0.633487
27,2,3,0,1,4,2,1,0.0,4+,public_facility,1,0.633487
20,2,5,0,1,4,2,1,0.0,4+,public_facility,0,0.633487
20,2,3,1,1,3,1,2,0.0,4+,home,1,0.411119
42,5,3,1,1,3,1,1,0.0,4+,public_facility,1,0.411119
23,3,3,0,1,3,1,1,0.0,4+,home,1,0.411119
20,1,4,1,1,3,2,2,0.0,4+,public_facility,1,0.411119
25,4,1,1,2,2,2,1,1.0,4+,home,1,2.097505
21,1,3,1,2,2,2,1,2.0,4+,public_facility,1,2.097505
26,4,3,0,2,2,1,1,1.0,4+,home,0,2.097505
20,2,3,0,2,2,1,1,2.0,4+,home,1,2.097505
32,5,2,0,2,2,2,1,2.0,4+,public_facility,1,2.097505
35,5,5,1,1,2,2,1,0.0,1-3,public_facility,0,0.355747
23,2,4,1,1,2,2,1,0.0,4+,public_facility,0,0.355747
30,3,3,0,2,1,2,1,0.0,unknown,home,0,0.394817
32,5,1,0,2,1,2,2,2.0,4+,home,0,0.394817
18,1,2,1,2,1,2,1,1.0,4+,home,1,0.394817
34,5,2,0,2,1,1,1,0.0,unknown,public_facility,0,0.394817
24,1,4,2,2,1,2,1,0.0,4+,home,0,0.394817
30,4,2,0,2,1,1,2,1.0,unknown,home,1,0.394817
34,5,4,0,2,1,1,2,0.0,4+,home,0,0.394817
20,1,4,1,1,3,1,1,0.0,4+,home,1,0.467801
30,3,4,1,2,2,2,1,2.0,4+,public_facility,0,2.921021
25,3,4,0,2,2,2,1,2.0,4+,public_facility,0,2.921021
27,3,1,0,2,2,1,1,1.0,unknown,public_facility,0,2.921021
21,2,3,2,2,2,1,1,1.0,4+,public_facility,0,2.921021
18,1,1,0,2,4,1,1,1.0,4+,public_facility,0,0.903114
20,2,2,0,2,4,1,2,1.0,4+,public_facility,0,0.903114
33,5,1,0,2,4,1,1,1.0,1-3,home,0,0.903114
25,2,1,2,2,4,1,1,1.0,4+,home,0,0.903114
30,4,3,0,2,4,1,1,1.0,4+,home,1,0.903114
48,5,1,0,2,4,1,1,1.0,1-3,home,0,0.903114
18,2,1,0,2,4,2,1,1.0,1-3,home,1,0.903114
24,3,1,0,2,4,1,1,1.0,4+,public_facility,1,0.903114
48,5,1,0,2,4,2,2,1.0,4+,home,1,0.903114
28,5,1,0,2,4,2,1,1.0,4+,public_facility,0,0.903114
27,1,5,2,1,1,2,2,0.0,4+,public_facility,0,0.88753
24,1,5,3,1,1,1,2,0.0,4+,public_facility,0,0.88753
20,1,5,2,1,1,2,2,0.0,4+,public_facility,0,0.88753
21,2,5,2,1,1,1,2,0.0,1-3,public_facility,0,0.88753
18,1,4,2,1,1,1,1,0.0,1-3,public_facility,0,0.88753
20,1,4,2,1,1,2,2,0.0,1-3,home,0,0.88753
31,5,3,1,2,1,2,1,1.0,4+,home,1,1.220633
27,3,2,0,2,1,2,1,1.0,1-3,home,0,1.220633
20,2,1,0,2,1,2,1,1.0,1-3,home,0,1.220633
23,3,1,0,2,1,2,1,1.0,1-3,home,0,1.220633
41,5,1,0,2,1,2,1,1.0,1-3,home,0,1.220633
25,4,4,1,1,3,2,1,0.0,4+,home,0,0.809309
28,4,4,0,1,3,1,1,0.0,4+,public_facility,0,0.809309
30,5,1,0,2,2,1,1,1.0,4+,home,0,0.503154
34,4,1,0,2,2,1,1,1.0,4+,home,0,0.923866
35,5,1,0,2,2,1,1,1.0,4+,home,0,0.923866
31,5,1,1,2,2,1,1,1.0,1-3,home,0,0.923866
31,4,1,1,2,2,1,1,1.0,unknown,home,0,0.923866
22,1,1,2,2,2,2,1,1.0,4+,home,0,0.923866
24,5,3,0,2,2,1,1,1.0,4+,home,1,0.923866
36,5,3,0,1,4,2,1,1.0,4+,public_facility,0,1.352486
21,1,3,2,1,4,2,1,1.0,4+,public_facility,0,1.352486
46,5,2,0,1,4,2,1,1.0,4+,public_facility,0,1.352486
42,5,2,0,2,1,2,2,1.0,4+,home,1,1.419894
30,5,3,1,2,1,1,1,1.0,4+,home,1,1.419894
30,5,2,1,2,1,1,1,1.0,1-3,public_facility,0,1.419894
25,3,1,0,2,1,1,1,1.0,4+,home,1,1.419894
26,3,3,0,2,1,2,1,1.0,1-3,home,1,1.419894
38,5,3,0,2,1,2,1,1.0,4+,public_facility,1,1.419894
42,5,2,1,2,1,2,1,1.0,4+,home,1,1.419894
28,1,5,3,1,3,1,2,0.0,4+,private_facility,0,6.683679
30,3,5,3,1,3,2,1,0.0,4+,public_facility,0,6.683679
30,2,5,3,1,3,1,1,0.0,unknown,public_facility,0,6.683679
28,2,1,0,2,4,2,1,1.0,4+,public_facility,0,1.017755
45,5,1,0,2,4,2,1,2.0,4+,public_facility,0,1.017755
22,3,1,1,2,4,1,1,2.0,4+,public_facility,0,1.017755
32,5,1,0,2,4,2,2,2.0,4+,public_facility,0,1.017755
20,1,1,0,2,4,1,1,2.0,4+,home,0,1.017755
37,5,1,0,2,4,2,2,2.0,4+,public_facility,0,1.017755
29,5,1,0,2,4,1,1,2.0,4+,public_facility,0,1.017755
28,4,2,0,2,1,1,1,2.0,4+,home,0,1.579736
37,5,1,0,2,1,1,1,2.0,4+,home,1,1.579736
45,5,2,0,2,1,1,1,1.0,4+,home,1,1.579736
26,5,1,0,2,1,2,2,1.0,1-3,home,1,1.579736
30,4,2,0,2,1,2,2,1.0,4+,home,1,1.579736
38,5,2,0,2,1,2,1,0.0,4+,home,1,1.579736
18,1,1,1,2,1,2,1,1.0,4+,home,1,1.579736
23,3,1,0,2,1,1,1,1.0,unknown,home,0,1.579736
25,4,4,0,1,4,1,1,2.0,4+,public_facility,0,0.790923
26,1,5,3,1,4,2,2,0.0,4+,public_facility,1,0.790923
28,3,3,0,1,4,1,1,2.0,4+,public_facility,1,0.790923
27,4,4,2,1,4,2,1,2.0,unknown,public_facility,1,0.790923
32,3,5,0,1,4,1,1,2.0,4+,public_facility,0,0.790923
35,4,3,0,1,4,2,1,2.0,4+,private_facility,0,0.790923
20,1,4,0,1,4,2,1,2.0,4+,home,1,0.790923
26,3,2,0,2,1,2,1,1.0,4+,home,1,0.356009
24,5,1,0,2,1,1,1,1.0,4+,home,0,0.356009
20,1,1,0,2,1,2,1,1.0,4+,home,1,0.356009
31,2,2,0,2,1,1,1,1.0,4+,home,1,0.356009
24,3,1,0,2,1,2,1,1.0,4+,home,1,0.356009
30,4,3,1,2,3,2,2,0.0,4+,home,0,0.779821
39,5,4,0,2,3,2,2,0.0,4+,home,1,0.779821
18,1,4,2,2,3,2,2,0.0,4+,public_facility,1,0.779821
33,2,4,0,2,3,1,2,0.0,4+,public_facility,0,0.779821
31,4,4,0,2,3,2,2,0.0,4+,public_facility,1,0.779821
19,1,4,0,2,3,2,1,0.0,4+,home,1,0.779821
29,5,1,0,2,2,1,1,0.0,4+,public_facility,0,0.640445
23,2,1,0,2,2,2,1,0.0,4+,public_facility,0,0.640445
17,1,2,0,2,2,2,1,0.0,4+,public_facility,0,0.640445
32,5,2,0,2,2,1,1,0.0,4+,public_facility,0,0.640445
25,4,1,0,2,2,1,1,1.0,4+,public_facility,0,1.04772
45,5,1,0,2,2,1,2,1.0,4+,home,0,1.04772
20,2,3,0,2,2,2,2,1.0,unknown,public_facility,0,1.04772
27,5,1,0,2,2,2,1,1.0,4+,home,0,1.04772
25,2,1,0,2,2,2,2,1.0,4+,home,0,1.04772
23,1,3,2,2,2,1,1,1.0,4+,public_facility,0,1.04772
18,1,1,2,2,2,1,1,1.0,unknown,public_facility,0,1.04772
27,4,1,1,2,3,2,1,0.0,4+,public_facility,0,0.3136
35,5,2,0,2,3,1,1,1.0,4+,public_facility,0,0.3136
21,1,2,0,2,3,2,1,1.0,4+,home,0,0.3136
37,5,2,0,2,3,1,2,1.0,4+,public_facility,0,0.3136
45,5,3,0,2,4,2,2,1.0,4+,public_facility,0,0.418967
20,1,2,0,2,4,1,1,1.0,4+,public_facility,0,0.418967
35,5,2,0,1,2,2,1,0.0,4+,public_facility,0,0.553428
30,5,4,0,1,2,1,2,2.0,4+,public_facility,0,0.553428
23,2,4,2,1,2,2,2,2.0,4+,public_facility,0,0.553428
19,1,2,0,2,4,2,2,1.0,4+,public_facility,0,1.248264
35,5,3,0,2,4,2,2,1.0,4+,home,0,1.248264
40,4,3,1,2,4,1,1,1.0,4+,public_facility,0,1.248264
25,3,2,0,2,4,2,1,1.0,1-3,public_facility,0,1.248264
20,1,2,1,2,4,1,1,1.0,4+,public_facility,0,1.248264
25,3,4,0,2,1,2,1,1.0,4+,home,0,1.147836
30,5,3,0,2,1,2,1,0.0,4+,public_facility,1,1.147836
20,2,4,2,2,1,2,2,1.0,1-3,public_facility,1,1.147836
25,4,3,0,2,1,1,1,1.0,4+,private_facility,0,1.147836
45,4,4,0,2,1,2,1,1.0,4+,public_facility,0,1.147836
25,3,5,2,1,2,2,1,0.0,unknown,public_facility,0,0.953675
30,2,5,2,1,2,2,1,0.0,unknown,home,0,0.953675
29,2,5,3,1,2,2,1,0.0,4+,public_facility,0,0.953675
26,2,4,0,1,2,2,1,0.0,unknown,public_facility,0,0.953675
22,1,5,2,1,3,2,2,0.0,4+,public_facility,0,2.220389
25,1,5,2,1,3,2,1,0.0,4+,home,0,2.220389
22,1,5,2,1,3,1,2,0.0,4+,public_facility,0,2.220389
32,3,5,2,1,3,2,1,0.0,4+,public_facility,0,2.220389
20,1,4,2,1,2,1,1,1.0,4+,public_facility,0,0.76909
44,5,5,0,1,2,1,2,0.0,4+,public_facility,0,0.76909
26,4,4,0,1,2,2,2,2.0,4+,public_facility,0,0.76909
30,5,3,0,1,2,1,2,0.0,4+,public_facility,0,0.76909
45,5,4,0,1,2,2,1,0.0,4+,public_facility,0,0.76909
45,5,4,0,1,2,2,1,0.0,unknown,public_facility,0,0.76909
32,4,4,2,1,2,2,2,0.0,4+,public_facility,0,0.76909
27,1,1,1,2,2,1,1,1.0,unknown,other_unknown,1,0.875351
18,1,1,1,2,2,1,1,1.0,unknown,public_facility,0,0.875351
23,2,1,1,2,2,2,1,1.0,4+,home,0,0.875351
29,4,1,1,2,4,2,2,1.0,4+,public_facility,0,1.270004
28,2,1,1,2,4,2,1,1.0,4+,public_facility,0,1.270004
30,2,1,0,2,4,2,1,1.0,4+,public_facility,0,1.270004
16,1,1,2,2,4,2,2,1.0,4+,public_facility,0,1.270004
37,5,1,0,2,4,2,1,1.0,4+,public_facility,0,1.270004
28,5,2,1,2,4,2,1,1.0,4+,public_facility,0,1.270004
28,2,1,0,2,4,2,1,1.0,4+,public_facility,0,1.270004
30,5,1,0,2,2,2,1,1.0,unknown,public_facility,0,0.632127
30,5,1,0,2,2,1,1,0.0,4+,public_facility,0,0.632127
25,5,1,0,2,2,1,2,2.0,4+,public_facility,0,0.632127
25,4,1,0,2,2,2,2,2.0,unknown,public_facility,0,0.632127
25,4,1,0,2,2,1,2,2.0,unknown,home,0,0.632127
27,5,2,0,2,2,2,1,2.0,unknown,public_facility,0,0.632127
20,1,1,2,2,2,1,1,1.0,4+,public_facility,0,0.632127
19,1,4,2,2,3,1,1,0.0,4+,public_facility,0,0.429022
19,1,3,2,2,3,2,2,0.0,4+,home,0,0.429022
25,2,5,2,2,3,2,2,0.0,0,home,1,0.429022
32,2,5,2,2,3,1,1,0.0,4+,home,0,0.429022
22,1,4,1,2,3,1,2,0.0,4+,public_facility,0,0.429022
28,4,4,2,2,3,2,2,0.0,4+,public_facility,0,0.429022
23,3,4,1,2,3,1,1,2.0,4+,public_facility,0,0.429022
19,1,2,3,1,2,1,2,2.0,4+,public_facility,0,0.301506
29,3,4,0,1,2,1,1,2.0,4+,public_facility,0,0.301506
27,4,4,0,1,2,2,1,2.0,4+,public_facility,0,0.301506
28,2,3,0,1,2,2,1,0.0,4+,public_facility,0,0.301506
40,5,1,0,2,1,1,2,0.0,4+,home,0,0.388251
26,2,1,1,2,1,2,1,1.0,1-3,home,0,0.388251
35,3,1,0,2,1,1,1,1.0,4+,home,0,0.388251
24,1,1,2,2,1,1,2,1.0,4+,home,0,0.388251
20,2,1,0,2,1,1,1,1.0,4+,home,1,0.388251
20,1,1,0,2,1,1,1,1.0,4+,home,0,0.388251
22,2,1,0,2,1,2,1,1.0,4+,public_facility,0,0.388251
28,3,1,1,2,1,1,1,1.0,4+,home,0,0.388251
20,1,4,0,1,1,1,1,0.0,4+,private_facility,0,0.504222
17,1,3,2,1,1,2,1,0.0,4+,public_facility,0,0.504222
30,3,1,0,1,1,1,2,0.0,4+,home,0,0.504222
22,2,4,0,1,1,2,1,0.0,4+,public_facility,1,0.504222
28,4,1,0,1,1,2,2,0.0,4+,home,0,0.504222
27,2,5,1,1,1,1,1,0.0,1-3,private_facility,1,0.504222
43,5,1,0,1,1,1,1,1.0,4+,home,0,1.460518
23,3,1,0,1,1,1,1,1.0,4+,home,0,1.460518
19,1,1,2,1,1,1,1,1.0,unknown,home,0,1.460518
32,5,1,0,1,1,2,1,2.0,4+,home,1,1.460518
22,2,2,0,1,1,2,1,1.0,4+,home,0,1.460518
19,1,1,0,1,1,1,1,2.0,4+,home,0,1.460518
30,4,3,0,2,1,1,1,1.0,4+,public_facility,0,0.799367
19,2,2,0,2,1,2,1,1.0,unknown,home,0,0.799367
26,5,3,0,2,1,2,2,1.0,4+,home,0,0.799367
27,5,1,0,2,1,1,1,2.0,4+,home,0,0.799367
20,2,3,2,2,1,2,1,2.0,4+,public_facility,0,0.799367
30,4,3,0,2,1,2,1,1.0,4+,public_facility,0,0.799367
38,5,2,0,2,1,2,1,2.0,unknown,home,0,0.799367
33,3,3,0,2,2,1,1,0.0,4+,public_facility,0,0.297
26,2,3,0,2,2,2,1,2.0,unknown,public_facility,0,0.297
27,2,2,0,2,2,1,1,0.0,4+,public_facility,0,0.297
24,4,1,0,2,2,2,1,0.0,4+,public_facility,0,0.297
26,3,1,0,2,2,1,1,0.0,unknown,public_facility,0,0.297
20,2,2,0,2,1,2,1,2.0,4+,home,0,0.58147
30,5,1,0,2,1,2,1,2.0,4+,public_facility,1,0.58147
18,1,4,0,2,1,1,1,1.0,4+,home,0,0.58147
40,5,1,0,2,1,2,1,1.0,4+,home,0,0.58147
20,3,3,0,2,1,1,1,1.0,4+,home,0,0.58147
29,5,2,0,2,1,2,1,1.0,1-3,home,1,0.58147
22,2,2,1,2,1,1,1,1.0,unknown,home,0,0.58147
33,4,3,0,2,4,2,1,0.0,1-3,public_facility,0,1.772098
22,2,1,0,2,4,2,2,0.0,4+,public_facility,0,1.772098
33,5,2,0,2,4,2,1,0.0,4+,public_facility,0,1.772098
35,3,1,0,2,4,2,2,0.0,4+,public_facility,1,1.772098
40,5,2,0,2,4,1,1,0.0,unknown,public_facility,0,1.772098
35,5,3,0,2,4,2,1,0.0,1-3,home,0,1.772098
35,5,2,0,2,4,2,2,0.0,4+,public_facility,0,1.772098
34,5,1,0,2,4,1,2,0.0,4+,public_facility,0,1.772098
28,1,3,2,2,4,2,1,0.0,4+,public_facility,0,1.772098
19,3,2,0,2,4,2,1,0.0,4+,public_facility,0,1.772098
23,1,2,0,2,1,1,1,1.0,4+,home,0,0.558826
32,4,4,0,2,1,2,2,1.0,4+,home,0,0.558826
19,2,3,0,1,2,2,1,0.0,0,other_unknown,1,0.374518
46,5,2,0,1,2,2,1,1.0,4+,public_facility,0,0.374518
33,5,2,0,1,2,2,1,0.0,1-3,public_facility,0,0.374518
24,1,3,0,1,2,1,1,0.0,4+,private_facility,0,0.374518
36,5,2,0,1,2,1,1,2.0,4+,public_facility,0,0.374518
22,2,3,0,2,1,2,2,1.0,4+,public_facility,1,1.387647
20,3,3,0,2,2,2,1,1.0,4+,public_facility,1,0.688512
25,4,1,0,2,2,2,1,1.0,4+,public_facility,1,0.688512
18,1,3,2,2,2,2,1,1.0,4+,public_facility,0,2.568443
25,1,2,0,2,2,1,1,2.0,4+,public_facility,0,2.568443
31,5,3,1,2,2,2,1,2.0,4+,home,1,2.568443
23,1,5,2,1,3,1,1,2.0,unknown,private_facility,0,2.770357
18,1,5,0,1,3,1,2,2.0,unknown,public_facility,0,2.770357
27,5,5,0,1,3,1,1,0.0,4+,public_facility,1,2.770357
26,1,5,2,1,3,1,1,0.0,unknown,public_facility,1,2.770357
40,5,5,0,1,1,1,1,2.0,4+,public_facility,1,0.955081
21,1,4,2,1,1,1,2,2.0,4+,public_facility,0,0.955081
30,4,3,0,1,1,2,2,0.0,1-3,public_facility,0,0.955081
27,2,4,1,1,1,1,1,0.0,4+,public_facility,0,0.955081
22,2,4,0,1,1,2,1,2.0,4+,home,1,0.955081
24,2,5,2,1,1,2,2,2.0,1-3,public_facility,0,0.955081
35,4,4,2,1,4,1,2,2.0,4+,public_facility,0,0.228237
30,5,4,0,1,4,1,1,2.0,4+,public_facility,1,0.228237
20,1,4,2,1,4,2,1,2.0,4+,public_facility,0,0.228237
22,4,3,0,1,4,1,2,2.0,unknown,home,0,0.228237
22,1,4,2,1,4,2,1,0.0,unknown,public_facility,0,0.228237
26,2,4,2,1,4,2,1,2.0,4+,private_facility,0,0.228237
37,5,3,1,1,4,1,1,2.0,4+,public_facility,0,0.228237
20,1,3,2,1,4,2,1,2.0,4+,public_facility,0,0.228237
30,2,2,2,2,1,2,2,0.0,4+,home,0,0.589055
19,1,4,2,2,1,1,1,2.0,4+,public_facility,0,0.589055
25,5,4,0,2,1,2,1,0.0,4+,public_facility,0,0.589055
19,1,4,1,2,1,2,2,2.0,4+,home,0,0.589055
20,1,4,0,2,1,1,2,2.0,0,home,1,0.589055
33,5,4,0,2,1,2,1,2.0,4+,public_facility,0,0.589055
32,5,3,0,2,2,2,1,1.0,4+,home,1,1.150375
28,4,3,0,2,2,2,1,2.0,4+,home,1,1.150375
19,1,3,0,2,2,2,1,1.0,4+,public_facility,1,1.150375
38,5,1,0,2,2,2,2,1.0,unknown,public_facility,0,1.150375
20,1,3,2,2,2,1,1,1.0,4+,home,0,1.150375
26,3,3,1,2,2,1,1,1.0,4+,public_facility,0,1.150375
18,1,1,2,2,2,2,2,1.0,4+,public_facility,0,1.150375
25,3,1,1,2,3,1,2,1.0,4+,public_facility,0,0.682347
40,5,1,0,2,3,2,2,2.0,1-3,public_facility,0,0.682347
21,1,1,0,2,3,2,1,2.0,4+,public_facility,0,0.682347
26,2,1,1,2,3,2,1,0.0,4+,public_facility,0,0.682347
22,1,4,2,2,3,1,2,2.0,4+,public_facility,1,0.682347
17,1,1,0,2,3,2,2,0.0,4+,home,0,0.682347
36,3,3,0,2,2,1,1,2.0,4+,public_facility,0,0.72189
38,5,4,0,2,2,1,1,0.0,4+,public_facility,1,0.72189
38,5,4,0,2,2,2,1,0.0,unknown,public_facility,1,0.72189
26,3,1,0,2,2,2,1,0.0,4+,public_facility,1,0.72189
25,2,2,0,2,2,2,1,2.0,4+,public_facility,0,0.72189
28,2,3,2,2,4,2,1,1.0,4+,public_facility,0,0.549725
36,5,1,0,2,4,1,2,0.0,1-3,public_facility,0,0.549725
22,3,2,0,2,4,2,1,2.0,4+,public_facility,0,0.549725
45,5,4,1,1,1,1,2,0.0,4+,public_facility,0,0.541438
16,1,4,2,1,1,1,2,0.0,4+,public_facility,1,0.541438
45,5,4,1,1,1,1,2,0.0,4+,home,0,0.541438
20,1,4,2,1,1,2,2,0.0,4+,home,1,0.541438
28,2,4,0,1,2,1,1,0.0,unknown,public_facility,0,0.79741
40,5,5,1,1,2,2,2,0.0,4+,public_facility,0,0.79741
32,2,3,0,1,2,2,2,0.0,unknown,public_facility,0,0.79741
20,2,4,0,1,2,2,2,2.0,unknown,public_facility,0,0.79741
30,4,4,0,1,2,1,1,0.0,4+,public_facility,0,0.79741
38,4,5,2,1,2,2,1,0.0,4+,public_facility,0,0.79741
38,5,5,0,1,2,1,1,2.0,4+,public_facility,0,0.79741
19,1,5,2,1,2,2,1,1.0,4+,public_facility,0,0.79741
26,1,5,0,1,2,1,1,2.0,unknown,public_facility,0,0.79741
18,1,5,2,1,2,1,1,0.0,unknown,public_facility,1,0.79741
38,2,4,0,1,2,1,2,2.0,4+,private_facility,0,0.556566
20,1,5,2,1,2,1,1,2.0,4+,public_facility,0,0.556566
23,1,5,2,1,2,1,1,0.0,4+,home,0,0.556566
45,5,1,0,2,4,1,2,1.0,4+,public_facility,1,1.020132
25,2,2,0,2,4,2,1,0.0,1-3,public_facility,1,1.020132
30,2,2,0,2,4,1,1,0.0,1-3,public_facility,0,1.020132
34,5,1,0,2,4,2,1,1.0,4+,public_facility,0,1.020132
42,5,2,0,2,4,1,1,1.0,4+,public_facility,0,1.020132
25,2,1,0,2,2,2,1,2.0,4+,public_facility,1,0.829291
32,1,1,2,2,2,2,1,2.0,4+,public_facility,0,0.829291
30,3,2,0,2,2,2,1,0.0,1-3,home,1,0.829291
30,5,3,0,2,1,1,1,2.0,1-3,home,1,1.099981
40,5,3,0,2,1,2,1,1.0,4+,home,1,1.099981
20,1,1,1,2,1,2,1,1.0,4+,home,0,1.099981
18,1,3,2,2,1,1,1,1.0,4+,public_facility,0,1.099981
39,3,3,0,2,1,1,1,1.0,4+,public_facility,0,1.099981
18,1,4,2,1,1,1,1,2.0,4+,private_facility,0,0.253198
23,1,1,2,1,1,2,2,1.0,4+,public_facility,1,0.253198
27,2,4,0,1,1,2,1,0.0,unknown,public_facility,1,0.253198
37,5,4,0,1,4,1,2,2.0,4+,public_facility,0,0.822781
27,2,3,0,1,4,2,2,2.0,4+,public_facility,1,0.822781
37,4,3,1,1,4,2,2,2.0,4+,public_facility,0,0.822781
26,5,1,0,2,4,1,1,2.0,unknown,public_facility,0,1.861371
28,4,2,0,2,4,2,1,0.0,unknown,public_facility,1,1.861371
27,5,3,0,2,4,2,1,0.0,4+,public_facility,1,1.861371
38,5,4,0,2,4,1,2,1.0,unknown,home,0,1.861371
18,1,2,0,2,4,1,2,1.0,unknown,public_facility,1,1.861371
34,5,3,0,1,2,2,2,0.0,1-3,public_facility,1,0.6794
32,5,3,2,1,2,1,2,0.0,4+,public_facility,1,0.6794
22,2,3,0,2,4,2,1,1.0,unknown,public_facility,0,0.1705
34,5,1,1,2,4,1,1,1.0,4+,public_facility,0,0.1705
40,5,4,0,1,3,2,2,0.0,unknown,public_facility,1,2.710879
22,2,5,3,1,3,2,1,2.0,unknown,public_facility,0,2.710879
21,2,4,0,1,3,1,1,2.0,4+,public_facility,0,2.710879
21,2,3,0,1,3,2,1,2.0,4+,public_facility,0,2.710879
34,4,3,0,2,1,2,2,1.0,4+,home,0,1.295432
38,5,1,2,2,1,1,2,1.0,4+,home,0,1.295432
31,3,3,0,2,1,1,1,1.0,4+,public_facility,0,1.295432
34,5,2,0,2,1,1,1,1.0,unknown,public_facility,0,0.577205
40,5,3,0,2,1,2,1,1.0,4+,home,0,0.577205
32,5,2,0,2,1,2,2,2.0,4+,home,0,0.577205
27,4,1,0,2,1,1,1,1.0,4+,home,0,0.577205
20,1,1,2,2,1,1,1,1.0,4+,public_facility,0,0.577205
19,2,3,1,2,1,1,2,1.0,4+,home,0,0.577205
27,4,3,0,2,1,2,1,1.0,4+,home,0,0.577205
33,5,1,2,2,1,1,1,1.0,1-3,home,1,1.58446
37,4,2,0,2,1,2,1,2.0,4+,home,0,1.58446
21,1,4,0,2,1,2,1,2.0,4+,home,0,1.58446
24,3,2,0,2,1,2,1,2.0,4+,home,1,1.58446
21,1,1,2,2,1,2,1,2.0,4+,home,0,1.58446
28,3,3,0,2,1,2,1,1.0,unknown,home,0,1.58446
19,2,4,2,2,1,1,2,2.0,1-3,home,0,1.58446
30,5,4,0,1,4,2,1,2.0,4+,home,0,0.206567
27,3,4,2,1,4,1,2,2.0,4+,private_facility,0,0.206567
19,1,4,2,1,4,1,1,1.0,unknown,public_facility,0,0.206567
16,1,4,2,1,4,1,1,0.0,unknown,public_facility,0,0.206567
23,1,3,2,1,4,2,2,0.0,4+,public_facility,0,0.693075
21,1,4,2,1,4,1,2,0.0,unknown,public_facility,1,0.693075
37,5,4,1,1,4,2,1,0.0,unknown,home,1,0.693075
22,2,4,2,1,1,1,2,0.0,4+,public_facility,0,0.867526
31,5,4,2,1,1,1,2,0.0,4+,public_facility,0,0.867526
25,1,4,2,1,1,1,2,0.0,4+,home,0,0.867526
35,5,4,0,2,2,1,2,1.0,4+,public_facility,0,0.399263
35,5,1,0,2,2,2,2,1.0,4+,home,1,0.399263
19,1,2,2,2,2,2,2,1.0,4+,public_facility,0,0.399263
40,5,2,0,2,4,1,2,0.0,unknown,public_facility,0,0.583781
32,2,2,0,2,4,2,2,1.0,4+,public_facility,0,0.583781
25,3,2,0,2,4,2,1,1.0,4+,public_facility,0,0.583781
25,4,1,0,2,4,2,2,1.0,4+,public_facility,0,0.583781
29,1,2,0,2,4,1,1,0.0,1-3,public_facility,0,0.583781
20,2,2,1,2,4,1,1,0.0,4+,public_facility,0,0.583781
30,4,2,1,2,1,2,1,0.0,4+,public_facility,1,0.687679
30,4,2,0,2,1,1,1,1.0,4+,home,1,0.687679
17,2,3,1,2,1,2,1,1.0,4+,home,1,0.687679
25,4,2,2,2,1,2,1,1.0,4+,home,1,0.687679
25,1,4,1,2,1,2,2,1.0,4+,home,1,0.687679
35,3,4,1,2,1,2,2,1.0,1-3,home,1,0.687679
30,5,3,0,2,1,1,1,0.0,unknown,home,1,0.687679
21,2,3,0,2,1,2,1,1.0,4+,public_facility,0,0.317046
39,5,3,0,2,1,1,1,0.0,unknown,home,1,0.317046
25,2,2,0,2,1,2,1,0.0,1-3,home,0,0.317046
39,5,1,0,2,1,2,1,0.0,4+,public_facility,1,0.317046
46,5,1,0,2,1,1,1,2.0,unknown,home,0,0.317046
30,5,3,0,2,1,2,1,0.0,4+,home,1,0.317046
28,4,3,0,2,1,1,1,0.0,4+,home,1,0.317046
23,1,4,2,1,1,2,1,0.0,4+,public_facility,0,0.690648
26,2,4,2,1,1,2,2,0.0,4+,private_facility,0,0.690648
33,2,5,3,1,1,2,2,0.0,4+,private_facility,0,0.690648
25,3,4,2,1,1,1,2,0.0,4+,public_facility,0,0.690648
20,2,2,0,2,1,2,1,0.0,1-3,home,1,0.145786
23,1,1,0,2,1,1,1,1.0,0,home,1,0.145786
17,2,3,0,2,1,2,1,1.0,1-3,home,1,0.145786
20,1,2,0,2,1,1,1,0.0,unknown,home,1,0.145786
30,4,4,0,2,1,2,1,1.0,4+,public_facility,0,1.633014
20,2,2,2,2,1,2,1,1.0,4+,public_facility,0,1.633014
20,2,4,1,2,1,2,2,1.0,4+,home,1,1.633014
19,1,4,1,2,1,2,2,1.0,4+,home,0,1.633014
35,5,3,0,2,1,1,1,1.0,4+,public_facility,0,1.633014
39,5,3,0,2,1,1,1,1.0,4+,public_facility,0,1.633014
25,1,3,2,2,1,2,1,1.0,4+,public_facility,1,1.633014
25,2,4,2,2,1,1,2,2.0,4+,public_facility,1,1.633014
27,3,3,0,2,1,1,1,1.0,4+,public_facility,1,1.633014
35,5,3,0,2,4,2,2,1.0,4+,public_facility,0,1.21146
32,5,2,0,2,4,1,2,1.0,unknown,public_facility,0,1.21146
35,5,2,0,2,4,2,1,2.0,4+,public_facility,0,1.21146
45,5,2,0,2,4,2,1,1.0,4+,public_facility,0,1.21146
25,4,1,0,2,4,1,1,1.0,4+,public_facility,1,1.21146
31,5,4,0,2,4,1,1,0.0,4+,public_facility,0,1.21146
20,3,1,1,2,4,1,2,0.0,4+,public_facility,0,1.21146
31,4,1,0,2,4,1,1,0.0,4+,public_facility,0,1.21146
23,3,2,0,1,2,2,1,2.0,4+,public_facility,1,0.773012
19,1,1,0,1,2,2,1,1.0,4+,public_facility,0,0.773012
35,5,2,1,1,2,1,1,1.0,4+,other_unknown,1,0.773012
31,4,1,0,1,2,1,1,1.0,4+,public_facility,0,0.773012
31,5,2,0,1,2,2,1,1.0,4+,public_facility,0,0.773012
35,3,3,0,2,4,2,1,0.0,4+,public_facility,1,0.439021
36,5,2,0,2,4,1,1,1.0,4+,public_facility,0,0.439021
32,5,4,0,2,4,2,1,1.0,unknown,public_facility,0,0.439021
22,2,1,0,2,2,2,1,1.0,4+,home,1,0.766915
34,3,3,0,2,2,1,1,1.0,4+,home,0,0.766915
25,3,3,0,2,2,2,1,1.0,4+,public_facility,1,0.766915
45,5,1,0,2,1,2,2,0.0,4+,public_facility,1,1.041063
27,3,2,0,2,1,1,2,1.0,4+,home,0,1.041063
30,4,3,0,2,1,2,2,0.0,unknown,home,1,1.041063
35,4,1,0,2,1,2,1,1.0,4+,public_facility,0,1.041063
36,5,3,0,2,1,2,2,1.0,unknown,public_facility,0,1.041063
17,1,1,2,2,1,2,2,1.0,4+,home,1,1.041063
30,4,2,0,2,1,2,1,1.0,4+,home,0,1.041063
35,5,1,0,2,1,2,1,2.0,1-3,home,1,1.041063
29,4,2,0,2,1,2,2,0.0,4+,home,1,1.041063
22,2,2,0,2,1,2,2,0.0,4+,home,1,1.041063
33,5,1,0,2,1,1,1,0.0,unknown,home,0,1.041063
20,1,4,2,1,1,2,1,1.0,4+,public_facility,0,0.354406
20,1,3,2,1,1,1,1,2.0,4+,public_facility,0,0.354406
37,4,5,0,1,1,1,1,0.0,4+,public_facility,0,0.354406
20,2,4,1,1,1,2,1,1.0,4+,home,1,0.354406
17,1,4,2,1,1,1,2,0.0,4+,home,0,0.354406
24,2,3,0,2,1,1,1,2.0,1-3,public_facility,0,1.349258
29,4,2,0,2,1,2,1,0.0,4+,public_facility,0,1.349258
28,3,1,0,1,4,1,1,1.0,4+,public_facility,1,1.391457
18,1,5,1,1,4,1,1,2.0,4+,private_facility,0,1.391457
22,3,4,0,1,4,1,1,2.0,4+,home,0,1.391457
35,5,4,0,1,4,1,1,0.0,4+,private_facility,1,1.391457
27,4,2,0,2,1,2,1,0.0,unknown,public_facility,0,1.91887
21,1,2,1,2,1,2,1,1.0,4+,home,1,1.91887
18,2,3,0,2,1,2,1,2.0,4+,public_facility,0,1.91887
23,3,3,0,2,1,1,1,1.0,4+,home,0,1.91887
34,5,3,0,2,1,1,1,0.0,unknown,home,0,1.91887
48,5,1,0,2,1,1,1,1.0,0,home,0,1.91887
30,3,4,0,2,1,2,1,2.0,unknown,public_facility,0,1.91887
28,4,2,0,2,1,2,1,1.0,4+,home,1,1.91887
29,5,2,0,2,1,2,1,2.0,4+,home,0,1.91887
20,2,3,0,2,1,2,1,0.0,4+,public_facility,0,0.486082
30,4,3,0,2,1,1,2,1.0,1-3,home,0,0.486082
36,5,2,0,2,1,1,1,1.0,4+,public_facility,0,0.486082
25,3,1,0,2,2,2,1,2.0,1-3,home,1,0.503971
23,3,1,0,2,2,1,1,2.0,0,home,1,0.503971
18,1,3,0,2,2,1,1,0.0,4+,public_facility,0,0.412243
30,5,1,0,2,2,1,1,1.0,4+,public_facility,1,0.412243
32,5,1,1,2,2,1,1,1.0,4+,home,0,0.412243
40,5,1,0,2,2,1,1,1.0,4+,home,0,0.412243
28,5,3,0,2,2,1,1,0.0,4+,public_facility,0,1.449801
30,4,4,0,2,3,2,1,2.0,4+,home,1,0.423188
27,4,3,0,1,1,1,2,0.0,4+,public_facility,0,0.398761
28,3,5,3,1,1,2,1,0.0,4+,public_facility,0,0.398761
34,3,3,0,1,1,1,1,1.0,4+,home,1,0.398761
21,1,5,2,1,1,2,2,1.0,4+,home,1,0.398761
36,5,4,0,1,1,2,1,0.0,4+,home,1,0.398761
21,4,4,0,1,1,2,1,0.0,0,home,0,0.537728
40,5,4,0,1,1,2,2,1.0,4+,home,0,0.537728
30,1,5,0,1,1,2,1,1.0,4+,home,0,0.537728
38,3,4,0,1,1,2,2,0.0,1-3,home,1,0.537728
25,3,5,0,1,1,2,1,0.0,unknown,home,1,0.537728
22,3,4,2,1,1,1,1,1.0,4+,home,1,0.537728
47,4,1,0,2,4,2,2,1.0,4+,public_facility,0,1.445156
25,1,1,0,2,4,2,1,1.0,4+,home,0,1.445156
22,2,1,0,2,4,1,2,2.0,unknown,home,0,1.445156
32,3,1,0,2,4,2,1,1.0,unknown,home,0,1.445156
23,2,3,0,2,4,2,1,1.0,4+,public_facility,0,1.445156
28,4,1,0,2,4,2,1,1.0,4+,public_facility,0,1.445156
25,3,2,0,2,4,1,1,1.0,4+,home,0,1.445156
29,5,2,2,1,2,2,2,1.0,4+,public_facility,0,0.465785
43,5,3,0,2,1,1,1,1.0,4+,public_facility,1,1.020289
32,3,5,2,1,2,1,2,0.0,4+,home,1,0.288722
23,2,4,0,1,2,1,1,0.0,4+,home,0,0.288722
40,5,3,0,2,1,2,2,0.0,4+,home,1,0.707517
43,5,2,0,2,1,2,1,1.0,4+,public_facility,0,0.707517
44,5,3,0,2,1,2,2,1.0,4+,home,0,0.707517
40,5,4,3,2,1,1,1,2.0,4+,public_facility,0,0.707517
28,4,4,0,2,1,2,1,1.0,4+,home,0,0.707517
17,1,3,1,2,1,2,2,1.0,4+,public_facility,1,0.707517
35,5,1,1,2,1,2,1,0.0,4+,public_facility,0,0.707517
20,1,2,0,1,1,1,1,1.0,1-3,home,0,0.349238
19,2,2,0,1,1,2,1,1.0,4+,public_facility,0,0.349238
40,5,1,0,2,1,2,1,1.0,4+,home,0,1.064131
20,1,3,0,2,1,2,1,1.0,4+,home,0,1.064131
30,5,1,0,2,1,1,1,1.0,4+,home,0,1.064131
38,5,2,0,2,1,2,1,1.0,4+,home,0,1.064131
35,3,1,0,2,1,2,1,1.0,4+,home,0,1.064131
45,5,4,0,2,1,1,1,1.0,1-3,home,1,1.064131
31,4,1,1,2,1,1,1,1.0,1-3,home,0,1.064131
38,5,2,0,1,4,2,1,0.0,4+,home,0,1.977084
42,5,4,0,1,4,1,1,1.0,4+,home,0,1.977084
30,3,4,0,1,4,1,1,1.0,4+,public_facility,1,1.977084
30,5,1,0,1,4,1,1,0.0,4+,public_facility,0,1.977084
21,2,2,0,1,4,2,1,1.0,4+,home,0,1.977084
25,5,4,0,1,4,1,1,0.0,4+,public_facility,0,1.977084
30,4,3,0,1,4,1,1,1.0,4+,public_facility,1,1.977084
21,1,1,1,1,4,2,1,1.0,4+,home,0,1.977084
20,1,1,0,1,4,2,1,1.0,4+,home,0,1.977084
22,2,3,0,1,4,2,1,1.0,4+,public_facility,1,1.977084
26,1,2,0,2,2,1,1,0.0,4+,home,1,0.940895
30,5,1,0,2,2,2,1,1.0,4+,home,0,0.940895
31,5,2,0,2,2,2,1,1.0,4+,home,1,0.940895
22,2,1,1,2,2,2,1,1.0,1-3,home,0,0.940895
17,1,2,1,2,2,2,2,1.0,1-3,home,0,0.940895
22,2,1,0,2,2,1,1,1.0,4+,public_facility,0,0.940895
25,2,2,0,2,2,2,1,1.0,4+,home,0,0.940895
22,1,1,1,2,2,1,2,1.0,4+,home,0,0.940895
28,3,1,2,2,2,1,1,1.0,4+,home,0,0.940895
26,4,2,0,2,1,2,1,2.0,1-3,home,1,1.017416
28,5,1,0,2,1,2,1,0.0,1-3,home,1,1.017416
23,3,3,1,1,1,2,1,0.0,4+,public_facility,0,3.393698
21,1,3,2,1,1,1,2,0.0,unknown,public_facility,0,3.393698
30,4,4,0,1,4,2,1,2.0,4+,home,0,0.55187
36,5,1,0,2,2,1,1,1.0,unknown,public_facility,1,0.583088
27,5,1,0,2,2,1,1,1.0,4+,public_facility,1,0.583088
28,5,1,0,2,2,1,2,1.0,4+,home,1,0.583088
18,1,1,2,2,2,1,1,1.0,4+,home,0,0.583088
22,2,1,0,2,2,1,1,1.0,0,home,0,0.583088
32,5,1,0,2,2,2,1,0.0,4+,public_facility,0,0.599725
19,1,1,1,2,2,2,1,0.0,4+,public_facility,0,0.399728
32,4,2,0,2,2,1,1,1.0,4+,public_facility,0,0.399728
19,1,2,0,2,2,1,1,0.0,4+,public_facility,0,0.399728
37,5,2,1,2,2,1,1,2.0,4+,public_facility,0,0.399728
18,1,4,2,2,2,2,1,2.0,1-3,public_facility,0,1.738518
27,4,4,0,2,2,2,1,2.0,4+,public_facility,1,1.738518
40,5,4,0,2,2,1,1,2.0,4+,public_facility,0,1.738518
38,5,3,1,2,2,1,1,0.0,4+,public_facility,1,1.738518
28,3,1,0,2,4,2,1,0.0,unknown,public_facility,0,1.583867
23,2,2,0,2,4,1,1,2.0,4+,other_unknown,1,1.583867
32,3,2,0,2,4,1,1,0.0,4+,public_facility,0,1.118703
37,5,3,0,2,4,2,1,2.0,4+,public_facility,0,1.118703
21,1,3,2,2,4,2,1,0.0,4+,public_facility,0,1.118703
23,2,2,0,2,4,1,1,0.0,4+,public_facility,0,1.118703
20,2,4,1,2,4,1,1,0.0,4+,public_facility,0,1.118703
35,2,3,2,1,1,1,2,1.0,0,home,1,0.768388
22,2,4,1,1,1,1,1,1.0,4+,home,0,0.768388
21,1,4,0,2,1,1,1,1.0,4+,home,1,1.287375
22,2,3,0,2,1,1,1,2.0,1-3,home,1,1.287375
28,4,5,0,2,1,1,1,2.0,1-3,home,1,1.287375
44,5,5,0,2,1,2,1,2.0,4+,home,1,1.287375
37,5,3,0,2,1,2,1,1.0,0,home,1,1.287375
44,5,5,0,2,1,1,1,1.0,4+,home,1,1.287375
30,5,1,0,2,1,2,1,1.0,1-3,home,0,0.571092
28,3,1,0,2,1,1,1,0.0,4+,public_facility,0,0.571092
27,5,2,0,2,1,1,2,1.0,4+,public_facility,0,0.571092
35,5,1,0,2,1,1,2,1.0,4+,home,0,0.571092
18,1,1,0,2,1,1,1,1.0,4+,home,0,0.571092
24,1,1,0,2,1,2,2,1.0,4+,public_facility,0,0.571092
25,4,3,0,2,1,1,1,1.0,4+,home,0,0.571092
32,4,1,0,2,1,2,1,1.0,4+,home,0,0.731944
24,2,1,0,2,1,1,1,1.0,1-3,public_facility,1,0.731944
20,1,1,0,2,1,1,1,1.0,4+,home,0,0.731944
28,4,3,0,2,1,2,1,1.0,4+,home,0,0.731944
36,5,2,0,2,1,1,1,1.0,4+,home,0,0.731944
20,2,2,2,2,1,2,1,2.0,4+,public_facility,0,0.43528
20,1,2,2,2,1,2,1,2.0,unknown,public_facility,0,0.43528
21,1,2,0,2,1,1,1,2.0,4+,public_facility,0,0.43528
24,2,3,0,2,1,1,1,2.0,4+,public_facility,0,0.43528
17,1,2,0,2,1,2,1,0.0,4+,public_facility,0,0.43528
23,1,2,1,2,1,1,2,0.0,4+,public_facility,1,0.43528
38,5,1,0,2,1,1,1,0.0,4+,public_facility,0,0.43528
35,3,1,0,2,1,2,1,2.0,4+,public_facility,0,0.43528
29,3,1,0,2,1,1,2,2.0,4+,public_facility,0,0.43528
20,1,3,0,2,1,1,1,0.0,4+,home,1,0.43528
20,2,1,1,2,4,2,1,1.0,4+,public_facility,0,0.663587
45,5,2,0,2,4,2,1,1.0,4+,public_facility,0,0.663587
25,3,5,2,1,3,2,1,2.0,4+,public_facility,1,2.967037
20,2,5,2,1,3,2,1,2.0,4+,public_facility,1,2.967037
24,4,5,0,1,3,2,1,2.0,4+,public_facility,1,2.967037
24,1,4,1,1,3,2,1,2.0,4+,home,1,2.967037
41,1,4,0,1,3,2,2,0.0,4+,home,1,2.967037
23,2,5,0,1,3,2,1,2.0,unknown,home,1,2.967037
21,1,5,2,1,1,1,2,0.0,4+,public_facility,0,0.576948
30,3,4,0,1,1,2,2,0.0,unknown,public_facility,0,0.576948
22,2,4,2,1,3,2,1,0.0,4+,public_facility,0,0.473308
45,5,3,0,1,3,2,2,0.0,1-3,public_facility,0,0.473308
38,5,4,0,1,3,2,2,2.0,4+,home,0,0.473308
22,3,1,0,1,3,1,2,2.0,4+,public_facility,0,0.473308
30,5,4,1,1,3,1,1,0.0,1-3,public_facility,0,0.473308
45,5,4,0,1,4,1,1,0.0,1-3,public_facility,1,1.224863
40,5,5,0,1,4,1,1,0.0,4+,public_facility,0,1.224863
36,4,5,0,1,4,1,1,2.0,4+,public_facility,0,1.224863
22,2,4,1,1,4,1,1,0.0,4+,home,0,1.224863
40,5,4,0,1,4,2,2,0.0,4+,public_facility,1,1.224863
23,2,4,2,1,4,1,2,0.0,1-3,public_facility,0,0.910761
17,1,4,0,1,4,2,1,0.0,4+,home,0,0.910761
23,1,3,2,1,4,1,1,0.0,1-3,public_facility,0,0.910761
22,2,3,0,1,3,2,1,0.0,1-3,home,0,4.0625
31,4,4,2,1,3,2,1,0.0,4+,public_facility,1,4.0625
19,2,4,1,1,3,2,1,0.0,1-3,public_facility,1,4.0625
27,2,3,1,1,3,1,2,0.0,4+,public_facility,1,4.0625
34,5,4,2,1,3,2,1,1.0,4+,home,0,4.0625
18,1,3,2,2,1,2,2,1.0,4+,public_facility,0,1.25802
19,1,3,1,2,1,1,1,1.0,4+,home,0,1.25802
30,5,2,0,2,1,2,1,1.0,1-3,home,0,1.25802
23,1,1,2,2,1,2,1,1.0,4+,public_facility,0,1.25802
21,3,3,1,2,1,2,1,1.0,4+,home,0,1.25802
16,1,1,0,2,1,1,1,2.0,4+,home,0,1.25802
23,3,3,1,2,1,2,1,1.0,4+,home,1,1.25802
29,5,2,0,2,1,2,1,1.0,unknown,public_facility,0,1.25802
35,5,1,0,2,2,2,2,2.0,4+,public_facility,0,1.49286
35,5,1,0,2,2,2,2,2.0,unknown,public_facility,0,1.49286
25,4,2,0,2,2,1,1,0.0,4+,public_facility,0,1.49286
29,1,2,2,2,2,2,1,1.0,4+,public_facility,0,1.49286
22,4,2,0,2,2,1,1,1.0,4+,public_facility,0,1.49286
28,5,2,0,2,2,2,1,0.0,4+,public_facility,0,1.49286
18,1,2,0,2,2,1,1,2.0,4+,public_facility,0,1.49286
30,5,1,0,2,2,1,1,0.0,unknown,public_facility,0,1.49286
27,5,3,0,2,1,1,2,1.0,4+,home,1,1.331412
19,1,3,0,2,1,2,1,1.0,4+,home,0,1.331412
30,3,1,0,2,4,2,2,0.0,4+,public_facility,1,0.937486
18,1,3,1,2,4,2,2,0.0,4+,public_facility,0,0.937486
31,5,2,0,2,4,1,2,0.0,4+,public_facility,0,0.937486
26,4,2,0,2,4,1,2,0.0,1-3,public_facility,0,0.937486
33,5,3,0,2,4,1,2,1.0,unknown,public_facility,0,0.937486
28,5,2,1,2,4,2,1,0.0,1-3,public_facility,0,0.937486
28,4,4,0,1,1,2,1,2.0,4+,home,0,0.528462
32,4,4,1,1,1,1,1,0.0,4+,home,0,0.528462
36,5,4,0,1,1,2,2,2.0,4+,home,1,0.528462
18,1,2,0,2,4,2,1,2.0,4+,public_facility,1,1.306115
25,2,2,0,2,4,1,1,2.0,4+,public_facility,0,1.306115
40,5,3,0,2,4,2,1,1.0,4+,home,0,1.306115
19,1,1,2,2,4,2,1,1.0,4+,public_facility,1,1.306115
22,2,2,0,2,4,2,1,2.0,4+,public_facility,0,1.306115
20,1,2,0,2,4,1,1,2.0,4+,public_facility,0,1.306115
20,2,1,0,2,4,2,1,1.0,4+,home,1,1.306115
27,5,2,0,2,4,2,2,1.0,unknown,home,1,1.602182
20,2,2,0,2,4,2,1,0.0,unknown,public_facility,1,1.602182
30,5,2,0,2,4,1,1,2.0,1-3,home,1,1.602182
39,3,2,0,2,4,2,1,0.0,1-3,home,1,1.602182
19,3,2,2,2,4,1,1,1.0,unknown,home,1,1.602182
16,1,3,2,2,1,1,2,1.0,4+,public_facility,0,1.085501
20,1,4,1,2,1,2,1,0.0,1-3,public_facility,0,1.085501
27,4,4,0,2,1,2,1,0.0,4+,public_facility,0,0.473491
25,4,4,0,2,1,1,1,1.0,4+,public_facility,0,0.473491
35,4,4,0,2,1,1,2,0.0,4+,public_facility,0,0.473491
21,1,4,2,2,1,1,1,0.0,4+,public_facility,0,0.473491
32,5,4,0,2,1,2,2,0.0,4+,public_facility,0,0.473491
19,1,2,2,2,1,1,1,0.0,4+,public_facility,1,0.473491
32,5,3,1,2,1,1,2,0.0,4+,public_facility,0,1.06331
20,1,3,2,2,1,1,2,0.0,4+,public_facility,0,1.06331
18,1,2,0,2,1,1,2,0.0,1-3,home,0,1.06331
35,5,3,0,2,1,1,1,0.0,4+,public_facility,0,1.06331
48,5,2,0,2,1,2,2,0.0,4+,public_facility,0,1.06331
16,1,3,2,2,1,1,1,0.0,4+,public_facility,0,1.06331
26,5,1,0,2,2,2,2,1.0,4+,home,0,0.549741
30,5,1,0,2,2,2,1,1.0,4+,public_facility,1,0.549741
31,5,2,0,2,2,2,1,1.0,4+,home,0,0.549741
31,5,1,0,2,2,1,1,1.0,4+,home,0,0.549741
28,2,1,0,2,1,2,1,1.0,4+,home,0,0.526928
35,5,1,0,2,1,2,1,1.0,4+,home,0,0.526928
17,1,1,0,2,1,2,1,1.0,4+,home,1,0.526928
40,5,2,0,2,1,2,1,1.0,4+,home,1,0.526928
35,4,1,0,2,1,1,1,1.0,unknown,home,1,0.526928
25,2,1,0,2,1,1,1,1.0,4+,home,1,0.526928
31,5,2,0,2,4,2,1,1.0,4+,home,1,0.291982
45,2,2,0,2,4,2,1,0.0,4+,public_facility,0,0.291982
40,5,4,0,1,1,2,2,0.0,4+,private_facility,0,1.097311
24,1,4,2,1,1,1,2,0.0,4+,public_facility,0,1.097311
42,5,5,0,1,1,1,2,0.0,1-3,public_facility,1,1.097311
42,4,5,0,1,1,1,2,0.0,unknown,public_facility,1,1.097311
19,1,4,2,1,1,2,2,2.0,4+,public_facility,0,1.097311
34,5,2,0,2,1,2,1,0.0,4+,public_facility,0,0.276822
34,5,2,0,2,1,2,1,0.0,4+,home,0,0.276822
32,4,3,1,2,1,1,1,1.0,4+,public_facility,0,0.276822
35,5,4,0,2,1,2,1,0.0,4+,public_facility,0,0.276822
35,5,3,0,2,1,2,1,0.0,4+,public_facility,0,0.276822
31,5,3,0,2,1,1,1,0.0,4+,home,0,0.276822
31,5,3,0,2,1,1,1,0.0,unknown,home,0,0.276822
35,4,5,0,1,3,2,1,0.0,4+,private_facility,0,2.035361
27,2,5,2,1,3,1,1,0.0,4+,public_facility,0,2.035361
41,2,5,2,1,3,1,2,0.0,4+,public_facility,1,2.035361
22,1,5,2,1,3,1,2,0.0,4+,public_facility,0,1.092375
34,4,5,2,1,3,1,1,0.0,4+,public_facility,0,1.092375
19,1,3,2,2,2,2,1,1.0,4+,public_facility,0,0.964504
27,5,2,0,2,2,2,1,1.0,4+,home,0,0.964504
28,5,1,0,2,2,2,1,1.0,4+,public_facility,0,0.964504
24,2,1,1,2,2,2,1,1.0,4+,home,0,0.964504
30,5,2,0,2,2,2,1,0.0,4+,home,0,0.964504
31,5,2,0,2,2,1,1,1.0,4+,public_facility,0,0.964504
24,2,1,1,2,2,2,1,2.0,4+,public_facility,0,0.964504
16,1,2,2,2,2,2,1,2.0,4+,public_facility,0,0.964504
40,5,1,0,2,2,2,2,1.0,4+,public_facility,0,0.964504
28,5,1,1,2,2,2,2,2.0,4+,home,1,0.964504
27,3,1,2,2,2,2,1,1.0,4+,public_facility,0,0.900539
37,3,1,0,2,2,2,2,1.0,4+,public_facility,0,0.900539
45,5,1,0,2,2,2,1,0.0,4+,home,1,0.900539
23,2,1,0,2,2,2,1,2.0,4+,home,1,0.900539
38,5,1,0,2,1,2,1,0.0,4+,home,0,0.905173
45,2,4,0,1,4,2,2,0.0,unknown,public_facility,0,0.246695
25,3,3,0,1,4,2,1,2.0,unknown,home,0,0.246695
28,2,3,0,1,4,2,1,0.0,4+,public_facility,0,0.246695
30,3,5,0,1,3,1,1,1.0,4+,public_facility,0,1.172808
28,2,5,0,1,3,1,1,1.0,4+,home,0,1.172808
45,5,4,0,1,3,2,1,0.0,1-3,home,0,1.172808
18,1,4,0,1,3,1,1,2.0,1-3,home,1,1.172808
23,2,5,2,1,3,2,2,2.0,4+,public_facility,0,1.172808
34,5,1,0,2,2,1,2,2.0,4+,public_facility,0,0.303857
31,5,3,0,2,2,2,1,1.0,4+,home,0,0.612813
25,2,1,0,2,2,1,1,1.0,4+,public_facility,1,0.612813
40,5,4,0,2,2,1,1,1.0,4+,home,0,0.612813
32,5,2,0,2,2,2,1,1.0,4+,home,1,0.612813
30,4,1,0,2,2,1,1,0.0,4+,home,0,0.612813
23,1,3,2,2,2,2,2,1.0,unknown,home,1,0.612813
25,5,1,0,2,2,1,1,1.0,4+,public_facility,0,0.612813
25,3,3,1,2,4,1,1,2.0,4+,public_facility,0,0.856184
22,2,1,2,2,4,1,2,0.0,4+,public_facility,0,0.856184
20,2,1,0,2,2,2,1,1.0,4+,home,0,0.758018
15,2,1,1,2,2,2,1,1.0,1-3,home,1,0.758018
25,2,1,1,2,2,2,1,1.0,4+,public_facility,1,0.758018
27,3,1,0,2,2,1,1,1.0,4+,home,0,0.758018
27,3,1,0,2,2,1,2,1.0,unknown,home,0,0.758018
35,5,1,0,2,2,1,2,1.0,4+,home,0,0.758018
18,1,1,0,2,1,2,1,1.0,4+,home,0,0.353603
40,5,1,0,2,1,2,2,1.0,4+,public_facility,0,0.353603
40,5,1,0,2,1,2,2,1.0,unknown,public_facility,0,0.353603
18,1,1,2,2,1,1,1,1.0,4+,home,0,0.353603
19,1,1,2,2,1,1,1,1.0,4+,home,0,0.353603
30,4,1,0,2,1,1,1,1.0,4+,home,0,0.353603
24,5,1,1,2,1,2,2,1.0,4+,public_facility,0,0.353603
38,5,1,1,2,1,1,2,1.0,4+,home,1,0.353603
30,5,1,0,2,1,2,2,1.0,4+,public_facility,0,0.353603
23,3,3,2,1,4,1,2,0.0,1-3,public_facility,0,0.776499
34,3,2,0,1,4,1,2,0.0,4+,public_facility,1,0.776499
26,4,3,0,1,4,1,1,0.0,1-3,public_facility,0,0.776499
16,1,3,0,2,2,1,2,2.0,4+,private_facility,0,0.413468
29,5,1,0,2,2,1,1,2.0,0,public_facility,0,0.413468
23,2,1,2,2,2,1,1,1.0,4+,public_facility,0,0.413468
22,1,1,0,2,2,1,1,2.0,unknown,public_facility,0,0.413468
18,2,4,2,1,1,1,1,0.0,4+,public_facility,0,0.286632
23,4,4,1,1,1,1,1,0.0,4+,public_facility,0,0.286632
31,5,4,0,1,1,1,1,0.0,4+,public_facility,0,0.286632
28,1,5,3,1,1,1,1,0.0,4+,private_facility,1,0.286632
28,3,3,0,1,1,1,2,0.0,4+,public_facility,1,0.286632
30,5,4,0,1,1,2,2,0.0,4+,public_facility,0,0.286632
29,1,5,2,1,1,2,1,0.0,unknown,public_facility,0,0.286632
17,1,4,2,1,1,2,2,0.0,4+,public_facility,0,0.478635
20,3,1,0,2,1,1,1,1.0,4+,public_facility,1,0.563108
28,4,2,0,2,1,1,1,1.0,unknown,home,1,0.563108
34,5,4,0,2,1,2,1,1.0,1-3,home,1,0.563108
34,2,1,0,2,1,2,1,1.0,4+,home,1,0.563108
29,2,1,0,2,1,1,1,1.0,4+,other_unknown,0,0.563108
24,5,2,0,2,1,2,1,1.0,4+,public_facility,1,0.563108
30,4,5,2,1,3,2,2,0.0,4+,private_facility,0,0.25733
22,1,5,0,1,3,1,2,1.0,unknown,home,0,0.25733
23,3,5,1,1,3,1,2,0.0,4+,public_facility,0,0.25733
19,1,5,0,1,3,2,2,0.0,4+,public_facility,0,0.25733
18,1,5,2,1,3,2,1,0.0,4+,public_facility,0,0.25733
33,4,5,1,1,3,1,2,2.0,4+,public_facility,1,0.25733
29,4,2,0,2,1,1,2,0.0,4+,public_facility,1,1.145538
27,4,3,1,2,1,2,1,1.0,4+,home,1,1.145538
35,5,3,0,2,1,1,1,0.0,4+,public_facility,0,1.145538
25,3,2,1,2,1,1,2,0.0,unknown,home,1,1.145538
35,5,5,0,1,3,1,1,0.0,unknown,public_facility,0,3.638556
19,1,4,1,1,3,1,2,0.0,1-3,home,1,3.638556
25,4,5,0,1,3,2,1,0.0,unknown,home,1,3.638556
31,3,2,0,2,1,2,1,1.0,4+,home,1,1.749038
23,1,4,1,2,1,1,1,1.0,4+,home,0,1.749038
32,2,3,0,2,1,1,1,1.0,0,home,1,1.749038
27,1,2,0,2,1,2,1,0.0,4+,home,1,1.749038
28,1,3,0,2,1,1,1,1.0,4+,home,1,1.749038
35,5,1,2,2,1,1,1,1.0,4+,home,0,1.749038
35,5,1,2,2,1,2,1,1.0,unknown,home,0,1.749038
22,2,2,0,1,2,2,2,2.0,4+,public_facility,0,0.418383
18,1,4,2,1,2,2,1,1.0,4+,public_facility,0,0.418383
27,2,4,0,1,2,1,1,1.0,4+,home,0,0.418383
30,5,4,0,1,2,2,1,2.0,4+,home,0,0.418383
19,1,5,0,1,2,1,2,0.0,1-3,home,0,0.418383
36,5,4,0,1,2,1,2,0.0,4+,public_facility,0,0.418383
34,5,3,0,1,2,2,1,2.0,unknown,public_facility,1,0.418383
32,5,4,0,1,2,2,1,0.0,4+,home,1,0.418383
